"","Position","Species","Value"
"1",20,"aeg",1.59695094712293
"2",21,"aeg",1.60292314345441
"3",22,"aeg",1.34981478074857
"4",23,"aeg",1.48360450765694
"5",24,"aeg",1.43451138326774
"6",25,"aeg",1.29483298724932
"7",26,"aeg",1.60173288054918
"8",27,"aeg",1.97505779668275
"9",28,"aeg",2.46634403126573
"10",29,"aeg",3.02873281308189
"11",30,"aeg",3.22305889371389
"12",31,"aeg",3.01576521195654
"13",32,"aeg",3.08734804071288
"14",33,"aeg",2.60055139428119
"15",34,"aeg",2.41136223776648
"16",35,"aeg",1.88702010530681
"17",36,"aeg",1.59517599366777
"18",37,"aeg",1.22938940926729
"19",38,"aeg",1.02441360790433
"20",39,"aeg",1.00303063922098
"21",40,"aeg",0.642777733239537
"22",41,"aeg",0.655975034223786
"23",42,"aeg",0.608844799537946
"24",43,"aeg",0.506168962608268
"25",44,"aeg",0.3606854247012
"26",45,"aeg",0.276594394537319
"27",46,"aeg",0.156064614029266
"28",47,"aeg",0.206974455484331
"29",48,"aeg",0.229192696381865
"30",49,"aeg",0.0721197565028674
"31",50,"aeg",0.325771046147933
"32",51,"aeg",0.287390287905763
"33",52,"aeg",0.37856025008493
"34",53,"aeg",0.405059261080204
"35",54,"aeg",0.762806350419073
"36",55,"aeg",1.07116797009378
"37",56,"aeg",1.15262789278295
"38",57,"aeg",1.53470228536019
"39",58,"aeg",1.42705657875607
"40",59,"aeg",1.46266005688605
"41",60,"aeg",1.61025265713395
"42",61,"aeg",1.76615621591308
"43",62,"aeg",1.80833746272983
"44",63,"aeg",1.8474073205487
"45",64,"aeg",1.53616401173503
"46",65,"aeg",1.30268454606273
"47",66,"aeg",1.13642361182761
"48",67,"aeg",1.09284328405209
"49",68,"aeg",0.536217880513862
"50",69,"aeg",0.490507608592149
"51",70,"aeg",0.526507841023868
"52",71,"aeg",0.129628248450057
"53",72,"aeg",0.0697601124977731
"54",73,"aeg",0.095570023916337
"55",74,"aeg",-0.222188408168042
"56",75,"aeg",-0.0390340934008673
"57",76,"aeg",-0.176018736528522
"58",77,"aeg",-0.292476564992384
"59",78,"aeg",-0.220998145262816
"60",79,"aeg",-0.385254426183873
"61",80,"aeg",-0.429168862845071
"62",81,"aeg",-0.331984940723713
"63",82,"aeg",-0.432948469614294
"64",83,"aeg",-0.58010255194975
"65",84,"aeg",-0.2427778682479
"66",85,"aeg",-0.365479356512854
"67",86,"aeg",0.176570546887705
"68",87,"aeg",0.170347768891966
"69",88,"aeg",0.434878479126895
"70",89,"aeg",0.476120044702676
"71",90,"aeg",0.682160818138737
"72",91,"aeg",0.572259876556291
"73",92,"aeg",0.560399011114751
"74",93,"aeg",0.618826302497551
"75",94,"aeg",0.434941124542959
"76",95,"aeg",0.333727013988121
"77",96,"aeg",0.377620568843963
"78",97,"aeg",0.148985682013979
"79",98,"aeg",0.1986217333424
"80",99,"aeg",-0.0114283467217887
"81",100,"aeg",-0.238371807318032
"82",101,"aeg",-0.259650366974598
"83",102,"aeg",-0.292184219717416
"84",103,"aeg",-0.593571316403612
"85",104,"aeg",-0.694117209187097
"86",105,"aeg",-0.514178692444565
"87",106,"aeg",-0.675595047837366
"88",107,"aeg",-0.46633847637666
"89",108,"aeg",-0.546566372549899
"90",109,"aeg",-0.669873433170143
"91",110,"aeg",-0.522134660284753
"92",111,"aeg",-0.544332019376933
"93",112,"aeg",-0.509960567762891
"94",113,"aeg",-0.418811487389078
"95",114,"aeg",-0.316845631841465
"96",115,"aeg",-0.579810206674782
"97",116,"aeg",-0.678581146003106
"98",117,"aeg",-0.237348598855645
"99",118,"aeg",-0.0795239139838741
"100",119,"aeg",0.0833750495891186
"101",120,"aeg",0.109059670175554
"102",121,"aeg",0.300545825279303
"103",122,"aeg",0.248800711610045
"104",123,"aeg",0.33506344953083
"105",124,"aeg",-0.00491322345108383
"106",125,"aeg",-0.0671201216031075
"107",126,"aeg",0.00412859826755619
"108",127,"aeg",-0.0826979483978085
"109",128,"aeg",-0.120431370673977
"110",129,"aeg",-0.150793515659894
"111",130,"aeg",-0.0465097797178954
"112",131,"aeg",-0.26779427106298
"113",132,"aeg",-0.254409033830537
"114",133,"aeg",-0.589478482554065
"115",134,"aeg",-0.538338941240099
"116",135,"aeg",-0.618587719218692
"117",136,"aeg",-0.752335682516349
"118",137,"aeg",-0.665780599320598
"119",138,"aeg",-1.0658551081137
"120",139,"aeg",-0.695495408340515
"121",140,"aeg",-1.09009888413065
"122",141,"aeg",-0.934800897706814
"123",142,"aeg",-0.929831028032365
"124",143,"aeg",-0.899865637348191
"125",144,"aeg",-0.889153271201166
"126",145,"aeg",-0.88332724750717
"127",146,"aeg",-0.975687472591561
"128",147,"aeg",-0.917510762873018
"129",148,"aeg",-0.71516606898476
"130",149,"aeg",-0.541220630379064
"131",150,"aeg",-0.698961788029416
"132",151,"aeg",-0.575049155053881
"133",152,"aeg",-0.34430520588306
"134",153,"aeg",-0.423301075540366
"135",154,"aeg",-0.481895421366005
"136",155,"aeg",-0.544227610350159
"137",156,"aeg",-0.316281823096885
"138",157,"aeg",-0.610652633183859
"139",158,"aeg",-0.698001224983094
"140",159,"aeg",-0.749725456846996
"141",160,"aeg",-0.629529785224621
"142",161,"aeg",-0.880884076280654
"143",162,"aeg",-0.783616626937878
"144",163,"aeg",-0.952446023231642
"145",164,"aeg",-0.909951549334572
"146",165,"aeg",-0.627086613998107
"147",166,"aeg",-0.940814857649003
"148",167,"aeg",-0.887566253994198
"149",168,"aeg",-0.845322361761387
"150",169,"aeg",-1.06395486382641
"151",170,"aeg",-1.22718793628508
"152",171,"aeg",-1.0848993145973
"153",172,"aeg",-1.05052786298326
"154",173,"aeg",-1.23389099580398
"155",174,"aeg",-1.1697212079486
"156",175,"aeg",-1.17310406041608
"157",176,"aeg",-0.994272279357356
"158",177,"aeg",-0.833628550762685
"159",178,"aeg",-0.845050898291774
"160",179,"aeg",-1.0909550381502
"161",180,"aeg",-0.897965393060902
"162",181,"aeg",-0.755154726239251
"163",182,"aeg",-0.933589752996234
"164",183,"aeg",-0.647216674360158
"165",184,"aeg",-0.721054738094821
"166",185,"aeg",-0.950420488112223
"167",186,"aeg",-0.372015361588915
"168",187,"aeg",-0.774052760085367
"169",188,"aeg",-0.653481215966605
"170",189,"aeg",-0.857141463592218
"171",190,"aeg",-0.898403910973353
"172",191,"aeg",-1.09170678314297
"173",192,"aeg",-0.954200094881447
"174",193,"aeg",-0.88856858065123
"175",194,"aeg",-1.33230694444127
"176",195,"aeg",-0.97295195609008
"177",196,"aeg",-1.12323830922876
"178",197,"aeg",-1.22564268268882
"179",198,"aeg",-1.22775174502966
"180",199,"aeg",-1.16709010047389
"181",200,"aeg",-1.27408847111202
"182",20,"gam",0.71600007028538
"183",21,"gam",1.49210705908187
"184",22,"gam",0.283586454670308
"185",23,"gam",0.383624381989197
"186",24,"gam",0.85968263299502
"187",25,"gam",1.21436847023163
"188",26,"gam",2.16811107639346
"189",27,"gam",3.24433184714661
"190",28,"gam",2.52286195779607
"191",29,"gam",3.73762680214431
"192",30,"gam",3.51855805103246
"193",31,"gam",2.90759819972795
"194",32,"gam",3.50821602863734
"195",33,"gam",2.27810076111143
"196",34,"gam",2.42048244050093
"197",35,"gam",2.74479265221223
"198",36,"gam",2.1326620059196
"199",37,"gam",0.83808796988067
"200",38,"gam",0.720813338569904
"201",39,"gam",1.98735333905978
"202",40,"gam",0.455888450423064
"203",41,"gam",0.194215770576579
"204",42,"gam",0.397673921846727
"205",43,"gam",0.770051772237264
"206",44,"gam",0.0576230219617093
"207",45,"gam",-0.856897952097845
"208",46,"gam",-0.880443940192408
"209",47,"gam",-0.574216006631073
"210",48,"gam",-0.0625135526533688
"211",49,"gam",-0.764795413031819
"212",50,"gam",-0.458697567802498
"213",51,"gam",-0.741184380771249
"214",52,"gam",-0.333162327408832
"215",53,"gam",-0.0658308051197298
"216",54,"gam",0.815647732608227
"217",55,"gam",0.860333074655091
"218",56,"gam",0.957769235333698
"219",57,"gam",1.43896597545408
"220",58,"gam",-0.276053549654614
"221",59,"gam",1.17371586647721
"222",60,"gam",1.15192607086483
"223",61,"gam",0.68412842894191
"224",62,"gam",0.696356732151242
"225",63,"gam",0.450880049640519
"226",64,"gam",0.326840825065015
"227",65,"gam",-0.126842232834372
"228",66,"gam",0.112520298071684
"229",67,"gam",0.0596393911079285
"230",68,"gam",0.924466622338073
"231",69,"gam",-0.0298613813178144
"232",70,"gam",0.484442839300172
"233",71,"gam",0.250283841674681
"234",72,"gam",0.23226660769072
"235",73,"gam",0.146928661889431
"236",74,"gam",0.896172410124992
"237",75,"gam",-0.271240281370092
"238",76,"gam",0.0634769969023457
"239",77,"gam",0.142180437770914
"240",78,"gam",0.338158509950247
"241",79,"gam",-0.0824821116175421
"242",80,"gam",-0.0520414419262294
"243",81,"gam",0.353964242289968
"244",82,"gam",-0.281257082935182
"245",83,"gam",0.880171545287251
"246",84,"gam",-0.461039157778752
"247",85,"gam",0.301668732820276
"248",86,"gam",-0.259922596484859
"249",87,"gam",-0.381880407748136
"250",88,"gam",0.0626314227442544
"251",89,"gam",0.246446235880264
"252",90,"gam",-0.342073378151801
"253",91,"gam",0.439562364755287
"254",92,"gam",0.452831374620731
"255",93,"gam",0.882513135263506
"256",94,"gam",0.770181860569278
"257",95,"gam",-0.101540052257617
"258",96,"gam",0.444375633039811
"259",97,"gam",1.10398852051761
"260",98,"gam",-0.399702509234076
"261",99,"gam",0.393706227720294
"262",100,"gam",0.40515400093754
"263",101,"gam",-0.568817340852485
"264",102,"gam",0.000123979211449112
"265",103,"gam",0.285993088812569
"266",104,"gam",0.201890982165413
"267",105,"gam",-0.0934095315067321
"268",106,"gam",0.381022615348915
"269",107,"gam",-0.293615474476526
"270",108,"gam",0.0868928966648956
"271",109,"gam",0.69193372886276
"272",110,"gam",0.33744302412417
"273",111,"gam",-0.91023416822365
"274",112,"gam",-0.758941438091181
"275",113,"gam",0.107707029787162
"276",114,"gam",0.152457416000032
"277",115,"gam",-0.183820922256575
"278",116,"gam",-0.469885164355716
"279",117,"gam",-0.538571803659192
"280",118,"gam",-0.00820167403745703
"281",119,"gam",-0.737476863308845
"282",120,"gam",-0.0522365744242505
"283",121,"gam",-0.181154111450284
"284",122,"gam",0.215029903698845
"285",123,"gam",0.339784614100424
"286",124,"gam",0.376404479562412
"287",125,"gam",-1.07895873484602
"288",126,"gam",0.120780907154585
"289",127,"gam",-0.21979034605849
"290",128,"gam",0.409056650897966
"291",129,"gam",-0.929227064697718
"292",130,"gam",0.0505332078669366
"293",131,"gam",0.0969747423959928
"294",132,"gam",-0.411995856609413
"295",133,"gam",-0.218814683568383
"296",134,"gam",-0.644984059246776
"297",135,"gam",-0.119427197909564
"298",136,"gam",-0.204504967046825
"299",137,"gam",-1.25652930804535
"300",138,"gam",0.0756402559456706
"301",139,"gam",-0.282492922089315
"302",140,"gam",-1.15759713154858
"303",141,"gam",-0.872053242777495
"304",142,"gam",-0.598022171389663
"305",143,"gam",-0.878882880208238
"306",144,"gam",-0.195398783805835
"307",145,"gam",-0.915307613172204
"308",146,"gam",-1.06048619170001
"309",147,"gam",-1.02575260705223
"310",148,"gam",-0.728630856731882
"311",149,"gam",-0.665212794874979
"312",150,"gam",-0.79061794693663
"313",151,"gam",-0.0679772625979645
"314",152,"gam",-0.968253564301967
"315",153,"gam",-0.354106548863111
"316",154,"gam",-0.600949158859982
"317",155,"gam",-0.915047436508174
"318",156,"gam",-0.676855700590246
"319",157,"gam",-0.846946194698762
"320",158,"gam",-0.916088143164288
"321",159,"gam",-0.0465126878156267
"322",160,"gam",-1.44294588782164
"323",161,"gam",-0.0653104517916737
"324",162,"gam",-0.30402254103766
"325",163,"gam",-0.866524488666893
"326",164,"gam",-1.02412650290205
"327",165,"gam",0.0858521900087818
"328",166,"gam",-0.770649387972457
"329",167,"gam",-1.31428852745964
"330",168,"gam",-0.16944616156901
"331",169,"gam",-0.898721350840397
"332",170,"gam",-0.565239911722095
"333",171,"gam",-0.0889865282182502
"334",172,"gam",0.00662839581215718
"335",173,"gam",-1.032842421147
"336",174,"gam",-0.901843470808737
"337",175,"gam",-0.529400576252193
"338",176,"gam",-1.81584409154023
"339",177,"gam",-0.383961821060362
"340",178,"gam",-0.166193953268656
"341",179,"gam",-1.51534004458752
"342",180,"gam",-1.02308579624594
"343",181,"gam",-0.611811534583165
"344",182,"gam",-1.60809302531362
"345",183,"gam",-0.567776634196372
"346",184,"gam",-1.51163252712512
"347",185,"gam",-1.16494712230738
"348",186,"gam",-1.47416708750504
"349",187,"gam",-1.13509185011013
"350",188,"gam",-0.492325401628157
"351",189,"gam",-0.118451535419459
"352",190,"gam",-1.22166563506555
"353",191,"gam",-0.620397364496099
"354",192,"gam",-0.15474618005141
"355",193,"gam",-1.06419370916241
"356",194,"gam",-0.79907368851755
"357",195,"gam",-0.126777188668365
"358",196,"gam",-1.65999826978727
"359",197,"gam",-0.322820305013705
"360",198,"gam",-0.663586690724802
"361",199,"gam",-1.39787028077873
"362",200,"gam",-0.6791972905665
"363",20,"qui",1.76136090178355
"364",21,"qui",1.66750988548488
"365",22,"qui",1.53802100242321
"366",23,"qui",1.54946122851032
"367",24,"qui",1.82277845676671
"368",25,"qui",1.92930868458302
"369",26,"qui",1.97173862747929
"370",27,"qui",2.06377504396965
"371",28,"qui",2.09990175304159
"372",29,"qui",2.1676427506457
"373",30,"qui",2.2687572744311
"374",31,"qui",2.27763754413879
"375",32,"qui",2.32926557979503
"376",33,"qui",2.38472859774414
"377",34,"qui",2.34974901327757
"378",35,"qui",2.21958647441622
"379",36,"qui",2.07902709948325
"380",37,"qui",1.95968932990393
"381",38,"qui",1.87070633292663
"382",39,"qui",1.7589818789619
"383",40,"qui",1.64759153791879
"384",41,"qui",1.55905672194283
"385",42,"qui",1.51192534338008
"386",43,"qui",1.44684529739561
"387",44,"qui",1.35585054542291
"388",45,"qui",1.31322994963929
"389",46,"qui",1.23697826056609
"390",47,"qui",1.19552495919016
"391",48,"qui",1.16597546765165
"392",49,"qui",1.11316663581091
"393",50,"qui",1.09340120439715
"394",51,"qui",1.0784985670684
"395",52,"qui",1.02270052958016
"396",53,"qui",0.983949396800281
"397",54,"qui",0.997802561002543
"398",55,"qui",0.923892002038762
"399",56,"qui",0.892282246594114
"400",57,"qui",0.914468336994681
"401",58,"qui",0.871138932048798
"402",59,"qui",0.821807183055543
"403",60,"qui",0.821846001882431
"404",61,"qui",0.776171898848567
"405",62,"qui",0.759193419390324
"406",63,"qui",0.714566459573449
"407",64,"qui",0.685078432802279
"408",65,"qui",0.66301797229174
"409",66,"qui",0.664021763594323
"410",67,"qui",0.627248295041974
"411",68,"qui",0.606171777734686
"412",69,"qui",0.624650465447477
"413",70,"qui",0.581071438482192
"414",71,"qui",0.537912370392712
"415",72,"qui",0.543164815032889
"416",73,"qui",0.478103634491355
"417",74,"qui",0.440317439092295
"418",75,"qui",0.426208560985916
"419",76,"qui",0.392172887198087
"420",77,"qui",0.378797627403276
"421",78,"qui",0.340867738978994
"422",79,"qui",0.275526150417226
"423",80,"qui",0.229483850517882
"424",81,"qui",0.208927537661176
"425",82,"qui",0.178718027604986
"426",83,"qui",0.150415279413241
"427",84,"qui",0.145519808103787
"428",85,"qui",0.0999784621433598
"429",86,"qui",0.0615875616429249
"430",87,"qui",0.0545697601728963
"431",88,"qui",0.0118128305635541
"432",89,"qui",0.00476416022980512
"433",90,"qui",0.0241233919069571
"434",91,"qui",-0.00111825196980821
"435",92,"qui",-0.0196216113769952
"436",93,"qui",0.00126213857695837
"437",94,"qui",-0.0531466635637732
"438",95,"qui",-0.0665868664175889
"439",96,"qui",-0.0412913548382297
"440",97,"qui",-0.08204823456655
"441",98,"qui",-0.0834060834009807
"442",99,"qui",-0.0941574069166138
"443",100,"qui",-0.129524286682551
"444",101,"qui",-0.139114162011104
"445",102,"qui",-0.148232723943975
"446",103,"qui",-0.175975692368806
"447",104,"qui",-0.207028560448835
"448",105,"qui",-0.221079976552903
"449",106,"qui",-0.268620021241814
"450",107,"qui",-0.316931316667565
"451",108,"qui",-0.334108602721546
"452",109,"qui",-0.375610655747749
"453",110,"qui",-0.417117716617088
"454",111,"qui",-0.436616698995606
"455",112,"qui",-0.482938395987924
"456",113,"qui",-0.514370974000873
"457",114,"qui",-0.519630264090634
"458",115,"qui",-0.538094690612604
"459",116,"qui",-0.524591237052458
"460",117,"qui",-0.526878191404302
"461",118,"qui",-0.533609773728353
"462",119,"qui",-0.519046648082229
"463",120,"qui",-0.510911716423343
"464",121,"qui",-0.531304848852782
"465",122,"qui",-0.545378010128937
"466",123,"qui",-0.522972916034303
"467",124,"qui",-0.519174482125135
"468",125,"qui",-0.51748727962355
"469",126,"qui",-0.502365003968477
"470",127,"qui",-0.507144556918628
"471",128,"qui",-0.512804758142896
"472",129,"qui",-0.524372527765364
"473",130,"qui",-0.54765442237144
"474",131,"qui",-0.571269301988973
"475",132,"qui",-0.558542437485506
"476",133,"qui",-0.588756019521604
"477",134,"qui",-0.59146596260646
"478",135,"qui",-0.593822290744787
"479",136,"qui",-0.610624546181997
"480",137,"qui",-0.632831289914216
"481",138,"qui",-0.636300507611142
"482",139,"qui",-0.686170787401704
"483",140,"qui",-0.693458719943874
"484",141,"qui",-0.713578274204942
"485",142,"qui",-0.723223999121451
"486",143,"qui",-0.746215858989173
"487",144,"qui",-0.724374937369487
"488",145,"qui",-0.773007500994029
"489",146,"qui",-0.784133325778794
"490",147,"qui",-0.786802067484957
"491",148,"qui",-0.787100485998078
"492",149,"qui",-0.790884835165637
"493",150,"qui",-0.765652562594319
"494",151,"qui",-0.764530686798998
"495",152,"qui",-0.791995964131535
"496",153,"qui",-0.779859765806138
"497",154,"qui",-0.809018588063356
"498",155,"qui",-0.803801101814242
"499",156,"qui",-0.794699567717867
"500",157,"qui",-0.808916323558633
"501",158,"qui",-0.805184679088632
"502",159,"qui",-0.789174376462791
"503",160,"qui",-0.812683989989263
"504",161,"qui",-0.830990241977387
"505",162,"qui",-0.82658474771105
"506",163,"qui",-0.867990169934201
"507",164,"qui",-0.893705185130898
"508",165,"qui",-0.885487444199035
"509",166,"qui",-0.903529304101303
"510",167,"qui",-0.913390877098052
"511",168,"qui",-0.9087532019884
"512",169,"qui",-0.941771402348198
"513",170,"qui",-0.955731502572473
"514",171,"qui",-0.943633731181235
"515",172,"qui",-0.953045123743858
"516",173,"qui",-0.956267515312779
"517",174,"qui",-0.950503415722567
"518",175,"qui",-0.964333138500638
"519",176,"qui",-0.988184549750647
"520",177,"qui",-0.984580251894787
"521",178,"qui",-1.02122601995971
"522",179,"qui",-1.03062594429834
"523",180,"qui",-1.03465684078465
"524",181,"qui",-1.05863469690558
"525",182,"qui",-1.0550925169716
"526",183,"qui",-1.04109085857078
"527",184,"qui",-1.05014678200785
"528",185,"qui",-1.04047871238187
"529",186,"qui",-1.04910461543855
"530",187,"qui",-1.0788927832961
"531",188,"qui",-1.11224872597211
"532",189,"qui",-1.09803546402073
"533",190,"qui",-1.12476230237121
"534",191,"qui",-1.11913927148975
"535",192,"qui",-1.11147167970725
"536",193,"qui",-1.11305082900009
"537",194,"qui",-1.10851717021414
"538",195,"qui",-1.08840336273822
"539",196,"qui",-1.10764228627261
"540",197,"qui",-1.10416748166717
"541",198,"qui",-1.0826654751173
"542",199,"qui",-1.09547385135837
"543",200,"qui",-1.09882728327662
"544",20,"alb",0.258808746524278
"545",21,"alb",0.414789026645854
"546",22,"alb",0.385922100943377
"547",23,"alb",0.58706208825371
"548",24,"alb",0.942432011295413
"549",25,"alb",0.984939837723936
"550",26,"alb",0.911972508326126
"551",27,"alb",1.87891808289891
"552",28,"alb",2.65505104336994
"553",29,"alb",3.93336260857647
"554",30,"alb",3.8045037855723
"555",31,"alb",3.64266613108401
"556",32,"alb",3.59486833469812
"557",33,"alb",2.88730493635345
"558",34,"alb",2.5527769906462
"559",35,"alb",2.20545075299512
"560",36,"alb",1.84965029635972
"561",37,"alb",1.2509384815244
"562",38,"alb",1.15382505061315
"563",39,"alb",1.15646425428002
"564",40,"alb",0.400005724775959
"565",41,"alb",0.0548155077015089
"566",42,"alb",-0.12859208182835
"567",43,"alb",-0.161722620506629
"568",44,"alb",-0.284274310947272
"569",45,"alb",-0.17480809737309
"570",46,"alb",-0.405648355138355
"571",47,"alb",-0.474469230192395
"572",48,"alb",-0.495733800523601
"573",49,"alb",-0.360591945364165
"574",50,"alb",-0.398810804630169
"575",51,"alb",-0.430601541710866
"576",52,"alb",-0.269629272980221
"577",53,"alb",-0.0890402470919591
"578",54,"alb",0.071297331118428
"579",55,"alb",0.299277371935345
"580",56,"alb",0.330019950220076
"581",57,"alb",0.925398943280456
"582",58,"alb",1.24178959041769
"583",59,"alb",1.69495917911665
"584",60,"alb",1.88711883886934
"585",61,"alb",1.82839673141726
"586",62,"alb",1.7606371101787
"587",63,"alb",1.87299467619975
"588",64,"alb",1.71886462481935
"589",65,"alb",1.23152811023284
"590",66,"alb",1.39165672536588
"591",67,"alb",1.06528843955719
"592",68,"alb",1.1031864708451
"593",69,"alb",0.694975845471933
"594",70,"alb",0.399659055030643
"595",71,"alb",0.412739447128889
"596",72,"alb",-0.148718151659819
"597",73,"alb",-0.117321170671199
"598",74,"alb",-0.424443190858413
"599",75,"alb",-0.461592577094561
"600",76,"alb",-0.557150695821132
"601",77,"alb",-0.551879253923292
"602",78,"alb",-0.515932937777781
"603",79,"alb",-0.601952658221473
"604",80,"alb",-0.665852661767101
"605",81,"alb",-0.50271128663925
"606",82,"alb",-0.588957801676221
"607",83,"alb",-0.552886177338662
"608",84,"alb",-0.473068550684947
"609",85,"alb",-0.154929509479558
"610",86,"alb",-0.1400173470453
"611",87,"alb",0.00631329678188965
"612",88,"alb",0.157696389201861
"613",89,"alb",0.4822963597957
"614",90,"alb",0.634860859800625
"615",91,"alb",0.769555464320183
"616",92,"alb",0.787597406072564
"617",93,"alb",0.884546800968102
"618",94,"alb",0.855726056105718
"619",95,"alb",0.941218144779112
"620",96,"alb",0.673070663999944
"621",97,"alb",0.557842084604878
"622",98,"alb",0.567062441084036
"623",99,"alb",0.513558002364558
"624",100,"alb",0.188498034383123
"625",101,"alb",0.0726842190627711
"626",102,"alb",-0.186575504802015
"627",103,"alb",-0.0429371412633452
"628",104,"alb",-0.362160143605285
"629",105,"alb",-0.491396144964061
"630",106,"alb",-0.540704883707875
"631",107,"alb",-0.574960340285864
"632",108,"alb",-0.661341706162082
"633",109,"alb",-0.650693156703625
"634",110,"alb",-0.453794214356741
"635",111,"alb",-0.711633058949935
"636",112,"alb",-0.756306787675145
"637",113,"alb",-0.701424167806213
"638",114,"alb",-0.574622655952873
"639",115,"alb",-0.337013248260075
"640",116,"alb",-0.62327782784511
"641",117,"alb",-0.172420067325184
"642",118,"alb",-0.189820771047551
"643",119,"alb",0.117700368617392
"644",120,"alb",0.0539178719755911
"645",121,"alb",0.0752495891089845
"646",122,"alb",0.267016676893697
"647",123,"alb",0.120376210477162
"648",124,"alb",0.246205486785972
"649",125,"alb",0.350031229667722
"650",126,"alb",0.0354967318921862
"651",127,"alb",0.293607437449007
"652",128,"alb",-0.005494997755835
"653",129,"alb",0.0147565892307583
"654",130,"alb",-0.203020690026039
"655",131,"alb",-0.048782744043371
"656",132,"alb",-0.210542873229968
"657",133,"alb",-0.254896609829403
"658",134,"alb",-0.475561898123835
"659",135,"alb",-0.435829937214772
"660",136,"alb",-0.622167676669532
"661",137,"alb",-0.761002466640538
"662",138,"alb",-0.963897534837497
"663",139,"alb",-0.706896910801896
"664",140,"alb",-0.85165037097564
"665",141,"alb",-0.900001640899057
"666",142,"alb",-0.846278139220161
"667",143,"alb",-0.851938879331095
"668",144,"alb",-0.815941924466508
"669",145,"alb",-0.784262216434241
"670",146,"alb",-0.949346112329097
"671",147,"alb",-0.725170662261412
"672",148,"alb",-0.789849680159385
"673",149,"alb",-0.488400937867748
"674",150,"alb",-0.424358839429524
"675",151,"alb",-0.332068833578281
"676",152,"alb",-0.495655648332674
"677",153,"alb",-0.279441203931345
"678",154,"alb",-0.303834508765288
"679",155,"alb",-0.252841040037554
"680",156,"alb",-0.289588033041095
"681",157,"alb",-0.34399170953675
"682",158,"alb",-0.39867685929759
"683",159,"alb",-0.384317473857271
"684",160,"alb",-0.419561325791105
"685",161,"alb",-0.446711619813187
"686",162,"alb",-0.595388640381533
"687",163,"alb",-0.576332670469152
"688",164,"alb",-0.70072455942326
"689",165,"alb",-0.693111268317608
"690",166,"alb",-0.834250642414301
"691",167,"alb",-1.06199344048407
"692",168,"alb",-0.91075989597312
"693",169,"alb",-0.974147313090019
"694",170,"alb",-1.06611008276214
"695",171,"alb",-0.991598794840181
"696",172,"alb",-1.01961301187837
"697",173,"alb",-0.97864635779963
"698",174,"alb",-0.953977918247182
"699",175,"alb",-0.951010085314001
"700",176,"alb",-1.03505663707268
"701",177,"alb",-0.930508578486901
"702",178,"alb",-0.652213641708752
"703",179,"alb",-0.834968918165497
"704",180,"alb",-0.797010635856943
"705",181,"alb",-0.829426242193263
"706",182,"alb",-0.673225088098933
"707",183,"alb",-0.640946004306479
"708",184,"alb",-0.649879802752237
"709",185,"alb",-0.537860269335969
"710",186,"alb",-0.538173017408396
"711",187,"alb",-0.594223671225331
"712",188,"alb",-0.641835420818021
"713",189,"alb",-0.688411410090668
"714",190,"alb",-0.53636994466834
"715",191,"alb",-0.599757710057035
"716",192,"alb",-0.658265978626632
"717",193,"alb",-0.731262911127065
"718",194,"alb",-0.95801264699893
"719",195,"alb",-1.00951508012872
"720",196,"alb",-1.05597272664523
"721",197,"alb",-0.924283498758416
"722",198,"alb",-1.10767590363799
"723",199,"alb",-0.844318692443891
"724",200,"alb",-1.10196194759669
